StartDate,EndDate,Status,Progress,Duration (in seconds),Finished,RecordedDate,ResponseId,DistributionChannel,UserLanguage,QID27,QID2,QID3,QID28,QID4,QID7,QID8,QID8_6_TEXT,QID9,QID11_1,QID11_2,QID11_3,QID11_4,QID11_5,QID13,QID14,QID16_1,QID16_2,QID17_1,QID17_2,QID17_3,QID17_4,QID17_5,QID17_6,QID17_7,QID17_8,QID18,QID18_7_TEXT,QID19_1,QID19_2,QID19_3,QID19_4,QID20_1,QID20_2,QID20_3,QID20_4,QID21_1,QID21_2,QID21_3,QID21_4,QID23_1,QID23_2,QID23_3,QID23_4,QID24_1,QID24_2,QID24_3,QID24_4,QID24_5,QID25_1,QID25_2,QID25_3,QID25_4,QID26
Start Date,End Date,Response Type,Progress,Duration (in seconds),Finished,Recorded Date,Response ID,Distribution Channel,User Language,"Payment Methods and Financial Behavior: A Comparison of Online and Cash Transactions among University Students.

This research investigates how different payment methods (cash vs. digital payments) influence university students' financial behaviour and spending habits. We are exploring whether using cash helps students maintain better control over their spending compared to digital payment methods and how different types of transactions affect financial management among university students.
Your participation in this survey will help us understand these important financial behaviours in our increasingly digital world. The survey takes approximately 5-10 minutes to complete and asks about your payment preferences, spending habits, and financial management experiences.

By proceeding with this survey, you confirm that you are 18 years or older, currently a university student, understand that participation is voluntary and you can withdraw at any time, and consent to your anonymous responses being used for academic research purposes.


Do you agree to participate in this study?","SECTION A: DEMOGRAPHICS

Age (in years)",Gender,Country of study:,Current study level:,Field of study:,Primary source of income (select all that apply): - Selected Choice,Primary source of income (select all that apply): - Others - Text,Average monthly spending:,"SECTION B: PAYMENT METHOD PREFERENCES

How often do you use each payment method? - Cash","SECTION B: PAYMENT METHOD PREFERENCES

How often do you use each payment method? - Debit/Credit Cards","SECTION B: PAYMENT METHOD PREFERENCES

How often do you use each payment method? - Mobile payments               (Apple Pay, Google Pay)","SECTION B: PAYMENT METHOD PREFERENCES

How often do you use each payment method? - Banking Apps","SECTION B: PAYMENT METHOD PREFERENCES

How often do you use each payment method? - Online Payments",What is your preferred payment method for small daily expenses (under £10/₹1000),What is your preferred payment method for large purchases (over £50/₹5000),"In a typical week, what percentage of your transactions are: - Cash","In a typical week, what percentage of your transactions are: - Digital (cards, mobile, online)","SECTION C: SPENDING AWARENESS AND SELF-CONTROL:

Rate your agreement with the following statements. - I am very aware of how much money I spend daily","SECTION C: SPENDING AWARENESS AND SELF-CONTROL:

Rate your agreement with the following statements. - I find it easier to control my spending when using cash","SECTION C: SPENDING AWARENESS AND SELF-CONTROL:

Rate your agreement with the following statements. - Digital payments make me spend more than I intended","SECTION C: SPENDING AWARENESS AND SELF-CONTROL:

Rate your agreement with the following statements. - I feel the ""pain"" of spending more when using cash","SECTION C: SPENDING AWARENESS AND SELF-CONTROL:

Rate your agreement with the following statements. - I make more impulse purchases with digital payments","SECTION C: SPENDING AWARENESS AND SELF-CONTROL:

Rate your agreement with the following statements. - I can easily track my expenses regardless of payment method","SECTION C: SPENDING AWARENESS AND SELF-CONTROL:

Rate your agreement with the following statements. - Cash payments make me think twice before purchasing","SECTION C: SPENDING AWARENESS AND SELF-CONTROL:

Rate your agreement with the following statements. - Digital payments are too convenient and lead to overspending","SECTION D: EXPENSE TRACKING AND SAVING BEHAVIOR

How do you currently track your expenses? - Selected Choice","SECTION D: EXPENSE TRACKING AND SAVING BEHAVIOR

How do you currently track your expenses? - Others - Text",Rate how well you can track expenses for each payment method - Cash Transactions,Rate how well you can track expenses for each payment method - Card transactions,Rate how well you can track expenses for each payment method - Mobile payments,Rate how well you can track expenses for each payment method - Online purchases,Saving behavior questions: - I set monthly budgets and stick to them,Saving behavior questions: - I save money regularly each month,Saving behavior questions: - I review my spending patterns monthly,Saving behavior questions: - I use savings goals to control spending,"SECTION E: TRANSACTION TYPE ANALYSIS

For SMALL daily expenses (meals, coffee, transport under £10/₹1000), rate your agreement: - I'm more conscious of small expenses when paying with cash","SECTION E: TRANSACTION TYPE ANALYSIS

For SMALL daily expenses (meals, coffee, transport under £10/₹1000), rate your agreement: - Small digital payments add up without me noticing","SECTION E: TRANSACTION TYPE ANALYSIS

For SMALL daily expenses (meals, coffee, transport under £10/₹1000), rate your agreement: - I lose track of small purchases made digitally","SECTION E: TRANSACTION TYPE ANALYSIS

For SMALL daily expenses (meals, coffee, transport under £10/₹1000), rate your agreement: - Cash helps me limit small, unnecessary purchases","For LARGE purchases (over £50/₹5000), rate your agreement: - I plan large purchases carefully regardless of payment method","For LARGE purchases (over £50/₹5000), rate your agreement: - Digital payments make large purchases feel less significant","For LARGE purchases (over £50/₹5000), rate your agreement: - I prefer cash for large purchases to feel more in control","For LARGE purchases (over £50/₹5000), rate your agreement: - Large digital transactions are easier to track than cash","SECTION F: FINANCIAL MANAGEMENT AND ATTITUDE

Rate your current financial management skills - Budgeting","SECTION F: FINANCIAL MANAGEMENT AND ATTITUDE

Rate your current financial management skills - Expense tracking","SECTION F: FINANCIAL MANAGEMENT AND ATTITUDE

Rate your current financial management skills - Saving money","SECTION F: FINANCIAL MANAGEMENT AND ATTITUDE

Rate your current financial management skills - Avoiding debt","SECTION F: FINANCIAL MANAGEMENT AND ATTITUDE

Rate your current financial management skills - Overall financial control",How often do you experience these situations? - Surprise at how much I've spent when checking bank balance,How often do you experience these situations? - Regret after making a purchase,How often do you experience these situations? - Running out of money before month-end,How often do you experience these situations? - Making purchases without checking account balance,"SECTION G: FINAL THOUGHTS

Which payment method do you believe helps you manage your finances better and why?"
"{""ImportId"":""startDate"",""timeZone"":""Europe/London""}","{""ImportId"":""endDate"",""timeZone"":""Europe/London""}","{""ImportId"":""status""}","{""ImportId"":""progress""}","{""ImportId"":""duration""}","{""ImportId"":""finished""}","{""ImportId"":""recordedDate"",""timeZone"":""Europe/London""}","{""ImportId"":""_recordId""}","{""ImportId"":""distributionChannel""}","{""ImportId"":""userLanguage""}","{""ImportId"":""QID27""}","{""ImportId"":""QID2_TEXT""}","{""ImportId"":""QID3""}","{""ImportId"":""QID28""}","{""ImportId"":""QID4""}","{""ImportId"":""QID7_TEXT""}","{""ImportId"":""QID8""}","{""ImportId"":""QID8_6_TEXT""}","{""ImportId"":""QID9""}","{""ImportId"":""QID11_1""}","{""ImportId"":""QID11_2""}","{""ImportId"":""QID11_3""}","{""ImportId"":""QID11_4""}","{""ImportId"":""QID11_5""}","{""ImportId"":""QID13""}","{""ImportId"":""QID14""}","{""ImportId"":""QID16_1""}","{""ImportId"":""QID16_2""}","{""ImportId"":""QID17_1""}","{""ImportId"":""QID17_2""}","{""ImportId"":""QID17_3""}","{""ImportId"":""QID17_4""}","{""ImportId"":""QID17_5""}","{""ImportId"":""QID17_6""}","{""ImportId"":""QID17_7""}","{""ImportId"":""QID17_8""}","{""ImportId"":""QID18""}","{""ImportId"":""QID18_7_TEXT""}","{""ImportId"":""QID19_1""}","{""ImportId"":""QID19_2""}","{""ImportId"":""QID19_3""}","{""ImportId"":""QID19_4""}","{""ImportId"":""QID20_1""}","{""ImportId"":""QID20_2""}","{""ImportId"":""QID20_3""}","{""ImportId"":""QID20_4""}","{""ImportId"":""QID21_1""}","{""ImportId"":""QID21_2""}","{""ImportId"":""QID21_3""}","{""ImportId"":""QID21_4""}","{""ImportId"":""QID23_1""}","{""ImportId"":""QID23_2""}","{""ImportId"":""QID23_3""}","{""ImportId"":""QID23_4""}","{""ImportId"":""QID24_1""}","{""ImportId"":""QID24_2""}","{""ImportId"":""QID24_3""}","{""ImportId"":""QID24_4""}","{""ImportId"":""QID24_5""}","{""ImportId"":""QID25_1""}","{""ImportId"":""QID25_2""}","{""ImportId"":""QID25_3""}","{""ImportId"":""QID25_4""}","{""ImportId"":""QID26_TEXT""}"
29-07-25 17:28,29-07-25 17:36,0,100,455,1,29-07-25 17:36,R_4MbOk7RW6e4tFAt,anonymous,EN,1,23,1,2,3,Medicine ,1,,1,2,1,4,1,4,3,3,5,95,4,4,4,4,3,3,3,4,"1,2",,2,3,3,3,1,3,2,2,4,4,3,3,4,2,3,4,3,3,3,5,3,3,3,3,4,"Well I think Cash is really good in managing finances makes you mindful in how much you are spending but its hard ti track and kind of annoying to carry 
Digital payment on the other hand is easier to execute and easily trackable but can lead to overspending "
29-07-25 17:36,29-07-25 17:38,0,100,162,1,29-07-25 17:38,R_4npGceNFuRdruw1,anonymous,EN,1,24,1,2,4,Pharmacy ,1,,1,5,1,1,1,1,1,1,81,82,4,1,5,5,5,5,5,5,2,,5,1,1,1,4,3,4,4,5,3,4,3,5,5,5,4,5,4,5,4,5,4,4,5,4,Cash mode
29-07-25 17:33,29-07-25 17:45,0,100,727,1,29-07-25 17:45,R_4OpuA0aGZOddsYN,anonymous,EN,1,23,1,2,5,Environmental science ,1,,1,2,2,5,3,3,3,3,10,49,4,5,4,4,4,4,4,5,1,,3,3,2,2,2,2,2,3,3,3,3,4,4,3,4,4,2,2,3,3,3,3,4,3,2,Cash- it makes saving easier
29-07-25 17:44,29-07-25 17:49,0,100,284,1,29-07-25 17:49,R_4qExsvBdS1xiwYF,anonymous,EN,1,23,1,2,3,Medicine,1,,1,3,1,5,1,2,3,3,10,90,4,4,4,4,4,3,4,4,5,,2,3,4,4,5,2,3,3,4,4,3,4,4,3,3,4,4,3,3,5,4,2,3,3,3,Digital payment method since I can track and have a very accessible record of my spending.
29-07-25 17:47,29-07-25 17:59,0,100,695,1,29-07-25 17:59,R_9zrliiFYFALrje9,anonymous,EN,1,22,1,2,4,Agriculture ,"1,4",,1,3,3,5,3,5,3,3,11,89,2,5,5,4,5,1,5,5,"2,5",,4,3,5,2,1,3,2,3,5,5,5,5,1,4,2,4,1,3,4,4,3,5,4,3,5,"""I believe cash helps me manage my finances better because it provides a physical sense of money, making me more conscious of my spending. With cash, I can easily set a daily or weekly budget and stick to it, reducing the temptation of impulsive purchases that often happen with cards or digital payments. It also eliminates the risk of overspending.""

"
29-07-25 17:53,29-07-25 18:13,0,100,1163,1,29-07-25 18:13,R_8KXffopBG1bTgel,anonymous,EN,1,25,1,1,5,Business Analytics and Decision Sciences,"1,2",,4,1,5,2,2,2,2,4,0,100,5,5,4,5,3,4,4,4,"2,5",,5,5,5,5,4,4,5,5,4,3,3,4,5,5,3,5,5,5,5,5,5,3,3,1,3,Online payment method makes me manage my finances easily but cash transactions make me spend less and save more.
29-07-25 18:51,29-07-25 18:57,0,100,353,1,29-07-25 18:57,R_8QFbYUWaUpnzEuM,anonymous,EN,1,23,2,1,5,Business analytics and Decision Sciences ,4,,3,1,2,4,3,4,3,2,,15,4,4,4,2,4,3,3,4,"2,4",,3,4,5,5,2,3,3,3,3,4,3,4,5,1,1,1,3,4,3,5,3,1,2,1,2,
29-07-25 20:31,29-07-25 20:37,0,100,324,1,29-07-25 20:37,R_4Nxg2hTIKajxgcf,anonymous,EN,1,22,2,2,5,Biotechnology ,"1,5",,1,4,3,4,2,4,1,2,50,50,5,3,2,3,2,5,3,2,"3,4,5,6",,4,4,4,4,4,4,4,4,3,2,2,3,5,3,2,4,4,4,4,4,4,2,2,2,1,In my opinion my tracking of expense matters more than the mode of payment. This helps me manage my finances better. 
29-07-25 20:39,29-07-25 20:44,0,100,303,1,29-07-25 20:44,R_8oYOjd48oPWObUB,anonymous,EN,1,27,1,1,5,Business Analytics,"1,2,3,5",,2,2,3,4,2,3,3,2,10,90,4,3,2,2,1,4,2,4,5,,3,4,4,4,3,4,5,2,2,1,2,2,5,4,2,4,3,4,4,5,4,2,3,1,3,"Digital, because it is tracked automatically."
29-07-25 21:08,29-07-25 21:19,0,100,714,1,29-07-25 21:19,R_5GakUAmfUauipYl,anonymous,EN,1,21,2,2,5,Biotechnology ,1,,1,4,1,4,1,3,1,1,75,26,3,5,5,5,5,2,5,5,1,,5,4,3,3,1,3,4,3,1,5,5,5,5,5,5,5,3,3,2,5,4,5,5,4,5,Cash because I'm aware of how much and on what I'm spending my money. I set a budget before buying any stuffs so when I use cash I know where my money went which helps in saving money and properly managing it.
29-07-25 23:06,29-07-25 23:11,0,100,302,1,29-07-25 23:11,R_8QRHfPeqJPmLL3v,anonymous,EN,1,23,1,1,5,Business analytics,1,,2,1,3,3,2,3,2,2,30,29,4,4,4,3,3,3,4,3,4,,3,3,3,3,3,4,3,3,3,3,4,4,4,3,4,3,3,3,3,3,3,3,3,3,3,
29-07-25 23:08,29-07-25 23:24,0,100,964,1,29-07-25 23:24,R_8JOpykTXWrFvFFv,anonymous,EN,1,19,1,1,3,Bsc in sport and exercise science ,"1,2",,3,1,4,5,4,2,2,2,0,100,4,2,4,2,4,4,2,4,2,,2,4,4,4,3,4,4,3,2,4,3,2,5,3,2,5,4,3,3,5,5,5,3,2,3,Online/ card payments is better for me as it is convenient to use and track transactions. 
29-07-25 23:23,29-07-25 23:30,0,100,423,1,29-07-25 23:30,R_4g1MV6tcnv0oA33,anonymous,EN,1,22,2,2,5,,6,Full time job,2,3,4,5,4,5,3,3,10,100,4,5,5,2,4,4,4,5,3,,5,4,3,4,3,5,4,3,3,4,4,5,4,3,4,4,4,4,4,3,3,5,2,3,1,"I believe using cash helps a lot to manage the expenses. From all the monthly expenses and even making savings using cash is of great help.

With cash we have a sense of mind that we have a ser budget and we have to spend the same unlike digital payment mode using which we keep on making transactions like a multiple times a day."
29-07-25 23:32,29-07-25 23:35,0,100,162,1,29-07-25 23:35,R_8pEBqUfCu8qcicX,anonymous,EN,1,23,1,1,5,Advanced Mechanical Engineering ,"3,4",,2,2,3,5,3,3,3,3,0,100,3,3,3,3,3,3,3,3,1,,2,3,3,3,3,3,4,3,3,3,4,4,3,3,1,4,3,4,3,3,3,3,1,3,3,
29-07-25 23:37,29-07-25 23:46,0,100,525,1,29-07-25 23:46,R_4eyne3YxWs5Er8L,anonymous,EN,1,20,1,2,3,B.com,6,,5,3,4,4,3,4,4,2,20,80,5,1,1,5,3,4,3,3,2,,4,4,4,4,5,5,1,1,3,4,4,2,4,4,2,3,5,5,4,5,4,2,3,1,1,Credit cards.
30-07-25 1:27,30-07-25 1:41,0,100,888,1,30-07-25 1:41,R_9CJpR2yBjGt0ty6,anonymous,EN,1,22,2,2,5,Life Sciences ,1,,1,2,2,4,2,3,3,2,10,90,4,5,4,2,5,4,4,5,4,,2,4,4,4,4,4,3,4,4,5,4,4,4,4,4,5,4,4,3,4,4,4,3,3,2,"Cash, I believe we have control over spending using cash."
30-07-25 2:40,30-07-25 2:47,0,100,363,1,30-07-25 2:47,R_80TBJiaKQFpA1xz,anonymous,EN,1,25,1,1,3,Sport and Exercise Science,6,,5,2,2,5,4,2,3,3,1,96,2,4,4,4,2,4,4,3,2,,3,3,4,3,3,4,3,2,4,4,4,4,4,4,2,4,3,3,3,5,4,3,2,1,3,Cash- makes me aware of my spending 
30-07-25 3:18,30-07-25 3:27,0,100,541,1,30-07-25 3:27,R_914w6x65S8EPY0O,anonymous,EN,1,23,2,2,5,Biotechnology ,"1,4",,1,3,2,5,4,5,3,3,10,90,4,4,3,2,2,4,3,2,4,,4,4,4,4,4,4,3,4,3,2,2,3,5,2,3,3,4,4,4,4,4,3,2,2,2,I strongly believe both cash and online payment methods manages my finances because each has several advantages and disadvantages. 
30-07-25 3:46,30-07-25 3:58,0,100,708,1,30-07-25 3:58,R_4G1Z4EzMXtfoCa9,anonymous,EN,1,23,1,2,5,Msc biotechnology,1,,1,2,1,5,2,5,3,3,5,95,5,4,3,2,3,4,3,3,2,,3,3,4,3,4,3,3,4,4,2,2,3,4,3,3,3,3,3,3,4,3,3,5,4,1,Upi
30-07-25 4:11,30-07-25 4:18,0,100,451,1,30-07-25 4:18,R_9YYyluE7V4s7584,anonymous,EN,1,24,2,2,5,MCA,1,,2,3,4,5,2,5,3,2,30,100,4,5,4,2,4,3,5,3,"3,6",,5,4,3,3,3,3,4,3,4,4,4,4,4,3,3,4,3,3,3,4,4,3,2,3,1,"Using cash helps me manage and keep it calculated in my mind beacuse I carry limited cash if my online money transaction apps do not work. Online apps do surely show the transaction history at just a click but carrying cash helps me more. Although paying in cash is hectic sometimes due to the change of money. Although, yes, I'm trying to have a very calculated approach in sending and saving money from past 2 months."
30-07-25 4:11,30-07-25 4:22,0,100,677,1,30-07-25 4:22,R_4GdYfB2FWJMCOkO,anonymous,EN,1,24,1,2,4,Hotel Management ,"1,2,6",,1,3,3,5,1,5,3,2,90,100,5,5,2,3,4,4,5,4,"2,5",,4,4,5,5,5,5,5,5,4,4,3,4,4,5,4,4,4,5,5,5,5,3,3,2,2,"I believe using digital wallets or UPI payments helps me manage my finances better because they provide instant transaction history and notifications. This makes it easy to track where my money is going in real time and set daily or weekly spending limits. Additionally, there are no hidden charges, and I can manage everything directly from my phone, which is more convenient than cash or cards."
30-07-25 4:10,30-07-25 4:31,0,100,1284,1,30-07-25 4:31,R_4MAJ0gHagpJlOn3,anonymous,EN,1,35,2,2,5,Psychology ,6,,2,3,2,5,2,5,3,3,100,100,1,3,4,4,5,3,4,5,1,,3,4,4,2,1,2,1,1,3,5,5,4,4,4,1,5,1,2,3,5,2,4,3,3,4,Online payment is easier than cash payment but sometimes we expense  a lot without thinking budget an all  through mobile app payment. For me  I think  for house expenses cash for sure.
30-07-25 5:31,30-07-25 5:58,0,100,1670,1,30-07-25 5:58,R_5pbwj4It0pWS0qI,anonymous,EN,1,29,1,2,5,International Business ,2,,1,3,3,5,3,5,3,3,20,80,1,4,4,5,5,1,4,4,2,,2,2,2,3,2,2,2,1,2,4,5,4,4,4,3,4,2,2,2,3,3,3,4,4,3,I am using an online platform Named CRED which gives me an insight about my total monthly expenditures.
30-07-25 6:01,30-07-25 6:11,0,100,612,1,30-07-25 6:11,R_4Gdlpdw5LTLe1EY,anonymous,EN,1,26,1,2,5,Commerce ,2,,1,3,3,5,3,3,3,3,10,90,5,4,4,4,3,3,4,4,1,,3,3,2,4,4,3,3,5,2,4,3,4,3,4,2,4,5,4,3,3,4,3,3,2,1,"Cash because when we paid cash always thinking, we spent lots of money in useless things."
30-07-25 6:04,30-07-25 6:12,0,100,526,1,30-07-25 6:12,R_1oLTULfXlhP1skz,anonymous,EN,1,30,1,2,5,Bachelor of Art,6,,3,2,1,4,2,1,1,3,30,5,5,4,5,5,3,5,5,5,5,,3,3,3,3,5,5,5,5,4,4,4,5,3,4,4,5,3,3,4,3,5,5,5,3,4,Cash is best preference while online is better but it gives repent after spending.
30-07-25 10:23,30-07-25 10:31,0,100,458,1,30-07-25 10:31,R_4gRUBkHRJ6kui41,anonymous,EN,1,28,1,2,5,Finance,"3,4,5",,2,3,2,4,2,2,3,2,15,85,3,2,4,4,4,2,4,5,"2,5",,4,5,5,4,4,3,5,3,3,5,4,4,5,4,2,3,4,5,2,4,4,4,3,1,3,Cashless transactions because I set an app which tracks my transactions and notify me whenever I go overboard. 
30-07-25 11:13,30-07-25 11:16,0,100,171,1,30-07-25 11:16,R_4BgMTCU4ixj2BgT,anonymous,EN,1,,1,2,5,It,2,,3,1,1,3,2,2,1,1,63,75,1,1,5,3,3,2,1,3,2,,3,3,3,3,3,3,3,2,1,2,3,3,3,3,3,3,3,3,3,3,3,3,3,3,3,Cash mode of payment
30-07-25 11:17,30-07-25 11:24,0,100,434,1,30-07-25 11:24,R_99wnUt7DO4rKvuh,anonymous,EN,1,30,1,2,5,MBA,6,,2,4,3,4,1,4,3,4,30,71,4,3,3,3,4,4,3,3,1,,4,2,4,4,2,3,3,3,3,2,4,3,3,3,3,3,2,2,2,2,2,3,3,3,2,Online
30-07-25 11:21,30-07-25 11:24,0,100,196,1,30-07-25 11:24,R_9UnkrOYNCUhW8St,anonymous,EN,1,29,1,2,5,Marketing ,6,,2,4,5,4,2,4,3,2,13,12,2,2,4,4,4,4,4,4,2,,4,4,4,4,4,2,2,2,4,4,4,4,3,3,3,3,3,3,3,3,3,3,3,3,3,Online 
30-07-25 11:33,30-07-25 11:39,0,100,367,1,30-07-25 11:39,R_42V56TiVWiGZTZG,anonymous,EN,1,28,1,2,5,Marketing management,1,,1,4,2,5,2,5,4,5,12,7,3,5,5,1,5,5,3,5,"4,5",,3,2,5,1,5,4,5,5,1,2,3,5,3,3,2,5,3,4,4,5,3,3,2,5,1,Digital payments
30-07-25 12:07,30-07-25 12:16,0,100,535,1,30-07-25 12:16,R_9KkpFOhl1xP9AuR,anonymous,EN,1,28,1,2,5,Finance ,1,,1,3,1,4,2,1,3,3,6,26,4,4,3,4,4,2,2,2,2,,1,3,4,4,1,1,1,1,2,4,4,4,5,5,4,4,3,2,2,3,3,3,2,3,1,"Online payment is better to manage finance as it is recorded , cash payment give more satisfaction of purchase ."
30-07-25 12:20,30-07-25 12:26,0,100,391,1,30-07-25 12:26,R_11avtpqZgV3mBoF,anonymous,EN,1,23,2,2,5,Software Development,6,,2,1,3,5,3,5,3,2,0,100,3,4,4,2,4,3,4,4,"2,5",,4,5,3,4,4,4,4,4,4,4,4,4,4,4,4,4,3,3,3,4,4,3,3,4,2,Cash would obviously but I still prefer UPI (mobile payments) as it's more convenient. 
30-07-25 12:53,30-07-25 13:00,0,100,421,1,30-07-25 13:00,R_4QMO0i19OQdNwBT,anonymous,EN,1,23,1,2,5,Bioinformatics ,1,,1,2,2,5,4,4,3,3,1,100,4,3,2,3,1,4,2,3,"2,5",,2,2,4,4,3,3,4,4,2,4,4,4,5,5,3,4,3,4,4,5,4,3,2,5,5,"Using UPI for digital payments has made my life so much easier. I can send and receive money instantly, without the need for physical cards or cash. It's secure, convenient, and saves me time."
30-07-25 13:40,30-07-25 13:46,0,100,412,1,30-07-25 13:46,R_6VCGeO8bdjDI9EF,anonymous,EN,1,32,1,2,5,Literature,6,PVT,3,4,,,,,1,3,61,42,4,4,4,2,2,4,4,4,2,,5,5,5,5,4,4,3,2,4,3,2,4,4,4,2,4,4,3,4,4,4,3,3,3,5,"Daily & Small Payments- Cash
Bulk & Large Payments - Digital"
30-07-25 14:05,30-07-25 14:30,0,100,1515,1,30-07-25 14:30,R_3MAO4DyR1JVCIgY,anonymous,EN,1,27,1,2,5,Software Engineering,6,Senior Software Developer at Optum,4,3,4,5,4,5,3,4,100,100,5,,5,4,4,5,4,4,"4,5,6",,5,4,4,5,5,4,5,4,3,3,4,3,4,4,4,4,4,4,5,5,4,4,2,2,3,UPI
30-07-25 14:58,30-07-25 15:02,0,100,285,1,30-07-25 15:02,R_4cu2n8brz8NxPD8,anonymous,EN,1,24,2,2,5,Law ,1,,1,3,2,5,4,5,3,1,29,50,5,5,5,4,5,5,5,5,5,,4,4,4,4,5,4,5,5,5,5,4,4,4,4,4,4,5,4,3,5,4,3,2,3,2,Online payment methods 
30-07-25 15:06,30-07-25 15:12,0,100,331,1,30-07-25 15:12,R_50oxh1iGTPLl5Jd,anonymous,EN,1,23,2,2,5,Bioinformatics ,"1,2",,1,2,1,4,1,3,3,4,20,80,3,4,5,5,5,2,5,5,"2,4",,2,5,3,1,3,3,5,2,1,5,5,5,5,1,1,5,2,2,3,5,2,3,3,3,2,"Cash, I physically see the money on me so I am mindful of how and when I'm spending it"
30-07-25 15:31,30-07-25 15:35,0,100,284,1,30-07-25 15:35,R_4MnuDrJlSMloVNQ,anonymous,EN,1,25,1,2,5,Finance ,1,,1,1,3,4,5,3,3,3,4,32,5,3,2,3,2,4,3,2,2,,4,4,5,5,3,2,4,4,4,3,2,3,3,3,3,4,4,4,4,3,4,3,3,2,1,
30-07-25 14:57,30-07-25 15:40,0,100,2611,1,30-07-25 15:40,R_9Cp564jrJ8S4szo,anonymous,EN,1,25,1,2,5,Biotechnology ,4,,1,2,3,5,5,5,3,3,20,100,5,4,5,3,4,4,2,5,5,,4,4,4,4,2,5,4,5,5,3,5,5,4,2,3,4,4,3,4,3,4,5,3,5,3,Online payment method as it help me easy to tack the expense 
30-07-25 15:59,30-07-25 16:05,0,100,380,1,30-07-25 16:05,R_9HGHFlVUqYYGCNA,anonymous,EN,1,23,1,2,3,Law,1,,1,3,1,5,5,5,3,3,11,34,3,5,5,3,4,4,4,4,2,,3,3,4,4,1,1,2,1,3,4,3,4,4,5,3,5,3,2,2,5,3,4,4,4,3,Upi
30-07-25 16:20,30-07-25 16:28,0,100,448,1,30-07-25 16:28,R_6AFJPEnh4wkBjBM,anonymous,EN,1,22,1,2,5,Zoology ,2,,3,2,2,5,1,5,3,3,10,90,3,4,4,3,4,2,2,4,1,,2,2,2,2,1,1,1,1,4,4,4,4,3,4,4,3,1,1,1,5,3,1,1,1,3,Cash
30-07-25 14:03,30-07-25 18:05,0,100,14497,1,30-07-25 18:05,R_4JK3gw4gvfQZq3Q,anonymous,EN,1,23,1,2,5,,"1,2",,1,,,,,,,,36,24,3,3,3,4,4,3,3,3,2,,3,3,3,4,3,2,2,2,3,3,3,3,3,3,3,3,3,3,3,3,3,3,3,3,3,
30-07-25 18:02,30-07-25 18:07,0,100,315,1,30-07-25 18:07,R_97m8YWWiLdJ62bv,anonymous,EN,1,30,1,2,5,Commerce ,"5,6",,1,2,4,5,5,5,3,2,10,90,4,4,5,4,5,4,5,4,"2,3,4,5",,4,4,5,5,3,5,3,5,4,4,3,5,3,4,2,4,3,4,3,2,2,3,3,3,3,PhonePe 
31-07-25 9:33,31-07-25 9:37,0,100,249,1,31-07-25 9:37,R_9irNbRC5Tf396GY,anonymous,EN,1,30,1,2,5,Management,6,Salary,1,1,1,3,3,2,2,2,,,2,2,3,3,3,2,3,3,2,,2,5,4,3,2,4,5,1,3,3,3,4,2,3,3,3,3,3,4,4,4,2,3,3,2,"Cash payment
Padi"
31-07-25 18:43,31-07-25 18:50,0,100,455,1,31-07-25 18:50,R_3eW34NjARZGuUnU,anonymous,EN,1,25,1,2,4,,"1,2,3,4,5",,1,5,1,1,1,2,1,1,30,3,1,1,4,4,4,3,5,4,"2,3",,5,5,3,3,3,3,3,3,5,4,4,5,4,3,5,3,5,5,5,5,5,3,4,2,3,Cash method is more reliable 
31-07-25 19:15,31-07-25 19:20,0,100,296,1,31-07-25 19:20,R_9l0wNua5rQ4JpLP,anonymous,EN,1,24,1,2,5,Law,"1,5",,1,4,3,2,2,2,1,1,91,9,5,5,4,2,3,3,4,4,"2,5",,4,4,3,2,3,3,3,3,4,4,4,4,2,4,4,2,3,4,3,5,4,3,2,1,3,Cash
31-07-25 19:16,31-07-25 19:22,0,100,358,1,31-07-25 19:22,R_9DVgiMV8xC8dlUl,anonymous,EN,1,23,1,2,4,Pharmacy(medicine),1,,1,3,1,5,3,5,3,3,24,95,4,3,3,4,4,4,4,4,"3,5",,4,3,5,4,4,4,4,4,3,4,4,4,5,4,5,5,3,3,4,4,4,4,4,4,4,Cash method is more reliable 
01-08-25 5:44,01-08-25 5:49,0,100,317,1,01-08-25 5:49,R_4dEKQ6Woa5mTlf0,anonymous,EN,1,21,1,2,4,engineering (bachelors),"1,4",,2,3,3,5,4,5,3,3,10,90,5,3,5,4,4,2,4,3,"1,2,5",,4,5,5,5,4,2,2,5,3,4,3,5,3,3,4,3,4,5,3,5,5,3,1,4,2,"Upi, because i can recall my payments even after a month or so"
01-08-25 6:24,01-08-25 6:28,0,100,204,1,01-08-25 6:28,R_7r1EZbE7zarqXHT,anonymous,EN,1,23,2,2,4,Information technology,1,,2,3,2,4,2,3,1,3,40,24,4,4,4,3,4,3,4,4,5,,3,3,4,3,3,3,3,3,3,3,3,3,3,3,3,3,3,3,3,3,3,3,3,3,3,Cash
02-08-25 17:48,02-08-25 17:56,0,100,475,1,02-08-25 17:56,R_9o1Erj9Kv7TcgWF,anonymous,EN,1,20,2,2,5,Biotechnology,"1,4",,1,2,1,5,3,5,3,3,0,57,5,2,2,4,3,4,3,2,6,,3,4,5,4,4,3,5,3,4,2,1,3,3,4,3,5,4,5,3,5,4,2,2,1,1,"Online 
It helps me track my expenses effortlessly 
"
03-08-25 2:10,03-08-25 2:22,0,100,695,1,03-08-25 2:22,R_9c88duxD8YK4qo2,anonymous,EN,1,19,1,2,3,Biotechnology,"1,5,6",,1,3,1,5,1,5,3,3,5,31,3,4,5,2,4,4,4,1,1,,3,2,4,3,3,3,2,3,4,4,4,4,4,4,4,4,2,2,2,2,2,2,3,3,3,Cash
29-07-25 17:41,29-07-25 17:43,0,57,129,0,05-08-25 17:43,R_4rkgkaVZEBKZBTH,anonymous,EN,1,20,1,2,3,MBBS,1,,1,3,2,5,4,5,3,3,7,96,,,,,,,,,,,,,,,,,,,,,,,,,,,,,,,,,,,,
29-07-25 18:53,29-07-25 19:24,0,76,1861,0,05-08-25 19:24,R_9PKaie04lPe2VkB,anonymous,EN,1,24,2,2,5,Biotechnology ,1,,1,3,2,5,2,5,3,3,8,36,3,4,5,4,4,3,4,5,2,,3,1,3,3,2,1,1,2,,,,,,,,,,,,,,,,,,
30-07-25 0:35,30-07-25 0:36,0,38,53,0,06-08-25 0:36,R_2ensY0m2Zn4kNes,anonymous,EN,1,23,1,1,5,Msc entrepreneurship and enterprise ,1,,3,,,,,,,,,,,,,,,,,,,,,,,,,,,,,,,,,,,,,,,,,,,,,
30-07-25 2:42,30-07-25 2:54,0,76,700,0,06-08-25 2:54,R_4RNQjwb6Szyxpn5,anonymous,EN,1,21,2,2,5,Msc in clinical embryology ,1,,1,2,1,5,1,5,3,3,6,30,1,1,2,3,3,1,1,1,4,,3,,5,3,5,3,1,3,,,,,,,,,,,,,,,,,,
30-07-25 4:40,30-07-25 4:43,0,57,132,0,06-08-25 4:43,R_4FRR20N32lRE3E7,anonymous,EN,1,21,1,2,5,Biotechnology ,1,,1,3,1,5,1,5,3,3,1,100,,,,,,,,,,,,,,,,,,,,,,,,,,,,,,,,,,,,
30-07-25 14:33,30-07-25 14:36,0,62,213,0,06-08-25 14:36,R_9ag2OL3Y6JwnmBr,anonymous,EN,1,24,1,2,3,,1,,1,2,2,5,3,2,3,3,15,100,3,4,5,4,5,2,5,5,,,,,,,,,,,,,,,,,,,,,,,,,,,,
30-07-25 18:52,30-07-25 19:01,0,86,513,0,06-08-25 19:01,R_9cvYB5GE0Fi7GoJ,anonymous,EN,1,30,1,2,5,MBA ,"1,6",Business ,5,5,2,5,5,5,1,1,100,30,5,5,3,3,3,3,1,3,2,,5,5,5,5,1,1,1,1,1,1,1,1,1,1,3,3,,,,,,,,,,
31-07-25 18:45,31-07-25 19:03,0,62,1057,0,07-08-25 19:03,R_9SHwVo7pzZnuyg9,anonymous,EN,1,24,1,2,5,Law,"1,5",,1,4,2,1,2,1,1,1,95,5,5,4,5,3,4,3,4,4,,,,,,,,,,,,,,,,,,,,,,,,,,,,
02-08-25 17:44,02-08-25 17:46,0,38,129,0,09-08-25 17:46,R_8DS9lUNsbdyVSWR,anonymous,EN,1,24,1,1,5,MSc. Business Analytics ,"2,5",,3,,,,,,,,,,,,,,,,,,,,,,,,,,,,,,,,,,,,,,,,,,,,,
10-08-25 22:59,10-08-25 23:03,0,100,203,1,10-08-25 23:03,R_8qCLsWR2XPRVYUm,anonymous,EN,1,22,2,1,5,MSC MANAGEMENT ,2,,3,1,3,5,3,4,3,3,0,100,1,3,3,4,4,4,4,4,1,,2,2,2,4,1,1,1,1,3,4,3,2,3,2,3,4,4,4,4,4,4,4,4,4,3,
10-08-25 23:00,10-08-25 23:08,0,100,507,1,10-08-25 23:08,R_8zI40kPcVceaeQZ,anonymous,EN,1,22,2,1,5,,"1,2,3",,3,2,2,5,2,3,2,2,0,100,1,1,5,1,5,3,3,5,"2,4,5",,4,2,4,4,2,3,1,4,1,5,5,4,5,2,3,5,2,1,2,4,2,5,2,3,2,"Card/Contactless payments, maybe because it is easier to look back into your transactions through the mobile banking app and get a statement to track spendings in a few clicks."
10-08-25 22:59,10-08-25 23:09,0,100,611,1,10-08-25 23:09,R_8KPkd6V26Ehm54e,anonymous,EN,1,23,1,1,5,Management ,"1,2,3,4,5",,1,3,2,5,2,4,3,3,40,100,4,5,4,4,4,5,5,5,5,,4,5,5,3,4,3,5,4,4,5,4,4,4,3,3,5,4,4,5,5,4,4,3,2,4,Digital payments as they are easy to track. 
10-08-25 23:03,10-08-25 23:12,0,100,509,1,10-08-25 23:12,R_2dYMRhAQGzgpzmc,anonymous,EN,1,23,2,1,5,MSc Biopharmaceutical development ,"1,2,3,4",,3,3,4,5,4,5,3,4,6,100,4,3,4,3,5,4,4,5,"4,5",,4,4,4,4,1,3,5,4,4,4,4,4,3,4,4,5,3,3,3,4,3,5,3,1,2,I believe mobile payments help manage finances better because they track spending instantly and provide clear transaction records.
11-08-25 14:52,11-08-25 14:59,0,100,442,1,11-08-25 14:59,R_51foZQkz0Yfjnsl,anonymous,EN,1,22,1,2,5,Biotechnology ,1,,1,3,1,5,1,5,3,5,1,1,3,3,4,4,4,3,5,5,2,,3,3,3,3,1,3,2,2,3,3,3,3,3,3,3,3,3,2,4,5,5,3,3,2,3,Gpay
11-08-25 14:53,11-08-25 15:01,0,100,490,1,11-08-25 15:01,R_4U2Te1qD9Qxz5y6,anonymous,EN,1,21,1,2,5,Science ,"1,5",,2,3,1,4,1,4,3,3,20,80,4,3,4,3,3,3,4,4,2,,3,3,4,3,3,4,2,2,3,3,4,4,4,4,3,4,3,3,4,5,4,3,3,2,2,Mobile payment 
11-08-25 14:45,11-08-25 15:06,0,100,1221,1,11-08-25 15:06,R_3V3JR6pQOvZLeq2,anonymous,EN,1,28,2,2,5,Philosophy ,2,,1,5,1,2,3,3,1,3,29,4,4,4,4,4,5,2,5,4,3,,5,3,2,2,5,4,4,5,5,4,4,5,4,4,3,3,4,4,4,4,4,3,2,2,5,"Cash, I believe I can track cash more easily and keep account of how much I have spent and I have to save"
12-08-25 4:43,12-08-25 4:55,0,100,696,1,12-08-25 4:55,R_27WR9MVPPtL0TK1,anonymous,EN,1,26,1,1,5,MSc Business Analytics and Decision Sciences,2,,3,2,4,3,2,4,1,1,70,40,4,4,4,4,4,2,4,4,"4,5",,4,4,3,2,4,5,4,5,4,5,5,4,5,3,4,5,4,4,4,5,4,4,3,3,1,Cash is better in saving money than contactless payments as I pay with cash more consciously.
12-08-25 8:21,12-08-25 8:27,0,100,371,1,12-08-25 8:27,R_4g5DwIBg2pfOf3q,anonymous,EN,1,25,1,2,4,Agriculture ,1,,1,2,1,5,1,5,3,3,15,85,2,4,5,5,5,1,4,5,"2,4,5",,3,1,2,2,2,3,3,2,4,4,5,5,4,4,2,4,2,2,3,4,2,4,4,3,4,I believe cash is better in terms of managing cash .as paying money physically makes you feel more about spending than digital transaction 
12-08-25 8:21,12-08-25 8:31,0,100,558,1,12-08-25 8:31,R_9d6JysLkxS4ZHVb,anonymous,EN,1,25,1,2,5,Food technologist ,"1,4",,1,3,2,4,3,4,1,2,27,57,3,5,4,2,4,3,4,4,1,,3,2,4,3,3,3,3,3,4,4,2,4,4,4,4,3,4,3,2,1,,4,2,2,4,Online
12-08-25 8:37,12-08-25 8:43,0,100,392,1,12-08-25 8:43,R_9PBKUVRE5goCXq0,anonymous,EN,1,22,1,2,4,Bsc(hons) Ag.,1,,1,3,1,5,3,4,3,1,30,70,4,4,4,3,3,4,4,5,4,,4,4,5,4,3,4,2,3,3,4,4,4,5,3,4,4,4,4,4,4,4,2,3,3,3,Cash
12-08-25 19:22,12-08-25 19:27,0,100,321,1,12-08-25 19:27,R_4Pdw72ZAegEOCnC,anonymous,EN,1,25,3,1,5,Business management ,1,,4,3,5,4,4,4,1,2,14,11,1,1,3,3,5,3,3,3,1,,1,3,3,3,1,1,2,2,3,4,4,3,3,3,2,4,2,2,3,2,3,2,2,3,4,I feel neutral in terms of all methods
12-08-25 19:28,12-08-25 19:55,0,100,1636,1,12-08-25 19:55,R_9KSzkfSGH4GOz5G,anonymous,EN,1,23,1,2,3,Engineering ,1,,1,3,2,5,3,5,3,3,2,25,4,4,4,4,4,3,4,5,2,,3,4,4,3,3,3,2,3,4,4,4,4,4,3,2,5,3,3,3,4,3,3,3,3,2,I guess for savings cash is better but I prefer online payments for tracking 
12-08-25 20:38,12-08-25 20:44,0,100,347,1,12-08-25 20:44,R_4OCTe0cre91AtGu,anonymous,EN,1,23,1,2,4,Btech ,"2,6",Job,2,2,2,5,2,4,3,3,2,20,3,4,4,2,3,4,4,4,4,,2,2,2,2,3,3,2,3,4,4,4,4,4,,4,3,3,3,3,2,4,3,2,5,2,Sometimes mobile payment and sometime cash
13-08-25 3:44,13-08-25 3:50,0,100,400,1,13-08-25 3:50,R_8fpbbl2SAKz5oT0,anonymous,EN,1,24,2,1,5,MSc. Biotechnology,"2,3",,3,4,3,3,2,4,1,2,70,50,4,5,4,4,4,3,5,5,"4,5",,4,5,5,4,5,5,5,4,4,5,4,4,4,4,3,3,4,4,5,5,4,4,3,3,1,Cash is more preferred by me for tracking expenses and for control on expenses 
13-08-25 3:51,13-08-25 3:57,0,100,319,1,13-08-25 3:57,R_2EX0rtQwV2Jwxlb,anonymous,EN,1,23,1,2,3,Btech,1,,2,4,1,4,1,4,1,2,75,55,3,3,4,4,5,2,4,4,"4,5",,3,4,3,4,3,3,2,4,3,5,5,4,5,4,2,5,3,3,4,3,4,5,4,3,3,I spend too much while making online transactions so I choose cash. I guess it helps to save money 
13-08-25 3:57,13-08-25 4:05,0,100,467,1,13-08-25 4:05,R_8SVraZ29jxwbQ41,anonymous,EN,1,21,2,2,2,Bachelor of Arts,1,,1,4,1,5,1,4,1,3,62,80,2,4,4,4,5,2,4,4,4,,2,2,4,3,3,4,5,4,4,5,5,4,5,4,4,5,3,3,4,5,4,3,4,3,1,Online transactions are easy to track but using cash helps me saving money so I use cash.
13-08-25 5:10,13-08-25 5:16,0,100,302,1,13-08-25 5:16,R_2m1Tt2GOnbMOTsX,anonymous,EN,1,22,1,1,5,MSc. Business Analytics and Decision Sciences ,"2,3",,4,3,4,4,2,4,3,2,40,67,3,4,4,4,4,4,5,5,"2,4",,4,5,5,4,4,5,3,5,4,5,5,4,4,4,2,5,4,4,3,4,4,4,3,2,1,Online payment methods are good and easy to track. Personally I prefer digital methods as I always plan my budget 
13-08-25 6:12,13-08-25 6:18,0,100,344,1,13-08-25 6:18,R_8oH4chX83ruuHPE,anonymous,EN,1,21,1,1,5,MSc Data Science ,"2,3",,4,3,4,4,3,4,2,2,38,75,4,4,4,5,4,2,3,3,2,,4,4,4,3,5,4,5,4,4,5,2,4,5,2,2,5,4,4,4,5,4,4,3,2,2,Cash is a better option to save money but in UK I can't use much cash.
13-08-25 6:28,13-08-25 6:34,0,100,338,1,13-08-25 6:34,R_28tXKzbZcEWBCx3,anonymous,EN,1,28,1,1,5,MBA,"1,3",,4,3,3,4,2,4,1,2,42,78,3,4,5,3,2,4,3,3,"2,5",,4,4,4,4,4,5,3,4,4,5,4,4,5,2,2,5,3,4,4,3,4,3,3,2,2,I spend mostly by online transactions but yaa I feel using cash helps in saving money. But sometimes it's hectic to handle cash
13-08-25 6:20,13-08-25 6:35,0,100,875,1,13-08-25 6:35,R_9PsN3BLOAPkfMp6,anonymous,EN,1,24,2,2,4,Mathematics ,1,,1,4,1,3,3,3,1,4,29,7,4,4,4,4,4,3,4,4,2,,3,3,3,3,3,3,4,3,4,3,3,4,4,4,4,4,3,3,3,4,4,3,3,2,2,Online as it feels safer 
13-08-25 6:28,13-08-25 6:35,0,100,413,1,13-08-25 6:35,R_4kLJjSCr4ubmDpR,anonymous,EN,1,23,2,2,5,Biotechnology ,6,,2,2,2,5,4,5,3,3,5,95,5,1,3,3,4,3,4,4,"2,4,5",,2,4,4,4,3,3,5,2,3,4,4,3,3,3,2,5,3,4,2,4,4,4,2,3,4,"UPI, it's convenient in India, almost every vendor and transport service has this payment method, I don't need to look across different statements to know where the money went. I can jus look at my Google pay history. "
13-08-25 6:20,13-08-25 6:38,0,100,1067,1,13-08-25 6:38,R_4n9LjcECJ6gDIjt,anonymous,EN,1,21,2,2,5,Biotechnology ,1,,1,4,3,1,3,1,1,3,100,0,4,4,3,3,2,3,3,4,"2,5",,3,4,4,4,4,3,3,3,3,3,3,4,4,3,3,4,3,4,4,4,4,3,3,2,3,I feel cash payment will help to manage finance better because it is easier to manage money by this method 
13-08-25 6:28,13-08-25 6:44,0,100,994,1,13-08-25 6:45,R_4ihzyophMF3jkPC,anonymous,EN,1,22,2,2,5,Biotechnology ,1,,1,4,1,4,1,4,1,3,100,,4,4,4,2,4,3,4,4,4,,3,2,4,3,3,3,3,3,3,3,4,3,4,3,3,3,4,4,4,4,4,3,4,5,3,Cash. Tend to spend more on GPay 
13-08-25 7:18,13-08-25 7:28,0,100,610,1,13-08-25 7:28,R_9nBFtWKhFqKyXBa,anonymous,EN,1,28,1,2,3,Commerce ,1,,1,4,2,2,2,3,1,3,10,5,3,3,4,3,2,4,4,4,2,,3,3,4,3,3,3,2,4,2,3,4,2,3,2,4,2,3,3,4,2,3,3,3,5,5,
13-08-25 7:21,13-08-25 7:29,0,100,497,1,13-08-25 7:29,R_2Jh1Fp3pLRdwHi6,anonymous,EN,1,27,2,1,5,Food technology,"2,5",,3,4,2,4,2,4,3,2,27,57,4,3,5,4,5,3,3,4,4,,4,4,4,4,5,3,3,4,4,4,2,4,5,3,2,5,4,4,4,5,4,3,3,2,1,Cash is better for saving money
13-08-25 7:48,13-08-25 7:53,0,100,303,1,13-08-25 7:53,R_8As0hK4DboqVc5j,anonymous,EN,1,25,1,1,5,Business Study,"2,3",,3,4,3,4,2,4,1,2,50,73,4,5,4,3,4,5,3,4,"4,5",,3,4,4,4,5,3,3,2,4,5,2,4,4,2,2,5,4,4,3,4,4,4,3,1,2,Online payment method is easy to track but cash helps in saving money
13-08-25 7:54,13-08-25 7:59,0,100,314,1,13-08-25 7:59,R_22K2x6w95C3hFPP,anonymous,EN,1,26,1,1,5,Political Science Studies,2,,3,4,4,4,2,4,3,2,36,58,2,4,5,4,5,4,5,5,2,,4,5,5,4,4,5,2,5,5,5,4,5,4,5,5,5,4,4,3,5,4,5,3,2,3,"Cash is a good option to save money. Digital payments make you spend more
"
13-08-25 8:02,13-08-25 8:06,0,100,254,1,13-08-25 8:06,R_2TdapVI6sJv164V,anonymous,EN,1,26,2,1,5,finance,3,,2,4,2,4,2,4,1,2,71,54,5,5,5,5,5,3,4,5,"2,4,5",,4,4,4,4,5,5,4,5,5,5,2,5,5,3,2,5,4,4,4,5,4,2,3,1,1,"Convenient: Online payment
Saving money: Cash"
13-08-25 8:09,13-08-25 8:14,0,100,347,1,13-08-25 8:15,R_2nPhR7m1h3INvOs,anonymous,EN,1,28,1,1,5,MBA Supply Chain Management,2,,3,4,2,4,2,4,1,3,61,62,5,5,5,5,2,5,4,4,"2,4,5",,4,4,4,4,5,2,4,5,5,5,2,5,5,4,1,5,5,5,5,5,4,3,2,1,1,Cash payment is helpful but in UK  I can't make cash transactions due to government restrictions
13-08-25 8:15,13-08-25 8:19,0,100,242,1,13-08-25 8:19,R_2jGTHHvm4ebPRbb,anonymous,EN,1,32,2,1,5,MBA IB,"1,2",,4,4,1,4,1,4,1,2,75,64,5,5,5,5,5,4,5,5,"2,4,5",,5,5,5,5,5,5,5,5,5,5,3,5,5,4,2,5,4,3,4,5,4,3,3,1,2,Use cash to save money if you can.
13-08-25 8:21,13-08-25 8:25,0,100,204,1,13-08-25 8:25,R_4YkZ3USrlhKhP6J,anonymous,EN,1,30,1,2,5,Environmental science,6,Job,3,4,3,3,3,3,1,1,88,11,5,5,5,5,5,5,5,5,1,,1,3,3,3,5,5,5,5,4,5,5,5,5,5,5,5,5,5,5,5,5,5,5,4,4,Cash
13-08-25 8:19,13-08-25 8:29,0,100,584,1,13-08-25 8:29,R_8nNT1auW1xzztIp,anonymous,EN,1,25,1,2,5,Business Studies,"2,3",,3,4,2,4,2,4,1,2,68,82,4,5,5,5,5,4,5,5,"2,4,5",,4,5,5,5,3,4,4,5,5,5,2,5,5,4,1,5,4,4,4,3,4,2,3,1,2,Cash really helps in saving money than online mode.
13-08-25 8:24,13-08-25 8:29,0,100,306,1,13-08-25 8:29,R_9RPyqXNJhI5Adu1,anonymous,EN,1,31,1,2,5,Information technology ,2,,1,2,2,5,5,5,3,3,16,27,4,4,3,4,4,4,4,4,5,,3,3,4,3,5,5,2,5,3,3,4,4,4,4,4,4,3,3,4,5,5,5,,3,5,Upi
13-08-25 8:23,13-08-25 8:31,0,100,484,1,13-08-25 8:31,R_9YMRe5Wrzhvk5JD,anonymous,EN,1,29,1,2,5,Mass communication ,6,,4,3,2,5,5,5,3,3,0,100,5,3,4,5,4,5,4,4,1,,1,3,3,3,5,5,3,5,4,4,4,4,4,3,2,4,4,3,4,4,4,3,2,3,3,I think still cash is more better option then digital 
13-08-25 8:06,13-08-25 8:45,0,100,2351,1,13-08-25 8:45,R_2f9cKy1znqOBFUo,anonymous,EN,1,30,2,1,5,Transport Management,"2,3",,4,4,2,4,1,4,1,2,30,64,3,5,5,5,5,3,5,5,"4,5",,4,4,4,4,5,4,4,5,5,5,3,5,5,2,2,5,4,4,4,5,4,3,4,3,2,Cash is the best way to save money
13-08-25 9:15,13-08-25 9:24,0,100,519,1,13-08-25 9:24,R_2r48REAv98j2To5,anonymous,EN,1,28,2,1,5,Business Analytics and Decision Sciences,"1,2",,3,4,2,4,1,4,1,2,71,90,3,5,5,5,5,5,5,5,"4,5",,4,4,4,4,5,5,5,5,5,5,3,5,5,4,2,5,4,4,3,5,4,3,3,3,1,Cash is good for savings
13-08-25 15:39,13-08-25 15:49,0,100,615,1,13-08-25 15:49,R_48TVu0cbSk9D2ft,anonymous,EN,1,26,1,1,5,Biotechnology ,2,,2,4,3,3,2,3,1,3,18,16,4,3,4,4,4,4,4,4,4,,3,3,4,4,3,4,4,5,4,3,4,4,4,4,3,4,4,3,4,4,4,3,3,3,2,Cash as it sometimes limits the unnecessary expenses 
13-08-25 16:39,13-08-25 16:44,0,100,330,1,13-08-25 16:44,R_990pYFsSDHymoNd,anonymous,EN,1,30,1,2,4,Bachelor of Pharmacy,3,,1,4,3,3,3,4,1,1,70,30,5,5,5,5,5,4,5,5,"2,3,4",,4,4,5,5,5,5,5,5,5,5,2,4,5,4,5,4,5,5,5,5,5,5,2,1,1,I believe cash is much better option when it comes to save the money and manage the finances better way.
13-08-25 16:49,13-08-25 16:57,0,100,470,1,13-08-25 16:57,R_8dY2FxmgJUMlkkp,anonymous,EN,1,28,2,2,3,B.A. LLB,4,,1,5,2,4,2,3,1,1,80,40,5,4,5,4,5,5,5,4,"2,4,6",,5,5,4,3,5,5,4,3,5,3,5,5,5,5,5,5,4,4,4,3,3,5,4,3,4,I believe both digital and cash methods have their convenience. I prefer cash when it comes to saving my money rather than spending it on less important things. 
13-08-25 17:18,13-08-25 17:23,0,100,304,1,13-08-25 17:23,R_8Njv24i0CWNMuyd,anonymous,EN,1,22,1,2,2,Bachelors of Engineering,1,,2,5,2,4,3,4,1,1,90,60,5,5,5,3,4,5,4,5,"4,6",,4,3,4,3,5,5,4,4,5,4,3,4,5,4,4,4,5,4,5,3,5,2,3,1,3,"When it comes to managing finances, cash is the king for me."
13-08-25 17:37,13-08-25 17:43,0,100,357,1,13-08-25 17:43,R_1HI68cNDhzFFNcZ,anonymous,EN,1,21,2,2,1,Bachelor of architect,1,,1,5,1,3,2,4,1,2,50,20,5,4,5,4,2,5,4,3,2,,5,3,4,3,4,3,4,3,4,3,2,5,5,3,4,3,5,5,5,5,5,3,3,3,3,The cash option helps me to manage my finances better. At least I can save money by controlling regretful purchases.
13-08-25 17:43,13-08-25 18:43,0,100,3592,1,13-08-25 18:43,R_5oZ1LxflvsOwzpJ,anonymous,EN,1,24,1,2,3,B.sc mathematics,1,,1,5,2,4,2,4,1,1,90,40,5,5,4,5,3,5,4,3,"2,3",,4,3,4,4,5,4,2,3,5,4,4,4,5,4,5,4,4,4,3,4,3,4,3,4,3,According to me cash is the better option to manage finances
13-08-25 18:43,13-08-25 18:48,0,100,287,1,13-08-25 18:48,R_6xKJCY6oGOLR3bm,anonymous,EN,1,28,2,2,5,Masters in Psychology,"4,5",,2,5,4,4,3,4,1,1,71,40,5,5,5,5,5,5,5,5,"3,4,5,6",,5,3,4,5,5,5,5,5,5,4,3,5,5,4,5,4,5,5,5,5,5,2,1,1,2,I believe cash is the better option to manage my finances. It is easier to save money in cash management.
13-08-25 18:48,13-08-25 19:30,0,100,2521,1,13-08-25 19:30,R_4psQs0s7N6I8yBk,anonymous,EN,1,27,1,2,5,M.tech Computer science,"1,4",,1,5,3,4,3,4,1,1,71,35,5,5,4,5,4,4,5,4,"2,3,4,5,6",,5,3,4,4,5,5,4,4,5,4,4,5,5,4,5,5,5,5,4,3,4,3,2,1,2,I believe cash is better
13-08-25 19:56,13-08-25 20:06,0,100,586,1,13-08-25 20:06,R_8ro2T3Yt12sMYeM,anonymous,EN,1,29,1,1,5,Aerospace Engineering ,"2,3",,4,4,2,5,1,4,3,2,41,75,4,5,5,5,4,4,4,5,"4,5",,4,3,4,3,2,3,4,5,4,5,4,4,5,4,2,5,4,4,3,5,4,5,4,3,2,Cash is a better option for savings but it's inconvenient to use cash in UK
13-08-25 22:12,13-08-25 22:44,0,100,1910,1,13-08-25 22:44,R_878nYTz73q6Zeqe,anonymous,EN,1,25,2,2,5,BSc. Agriculture ,1,,2,4,2,4,2,5,1,2,68,60,5,4,5,4,5,3,5,5,4,,4,4,5,2,3,4,5,5,4,5,4,4,5,4,3,5,4,4,4,5,4,3,3,3,2,Cash is good in terms of savings 
14-08-25 3:34,14-08-25 3:40,0,100,309,1,14-08-25 3:40,R_82zh2dGbu5UGx7j,anonymous,EN,1,23,1,1,5,Computer Sciences,"2,3",,3,4,2,4,1,4,1,3,34,69,3,4,4,5,4,2,5,5,4,,4,4,5,4,5,5,5,5,5,5,5,5,5,4,2,5,4,4,4,4,4,4,3,2,2,Online payment methods are easy to track but if we talk about saving then cash is good
14-08-25 4:00,14-08-25 4:05,0,100,260,1,14-08-25 4:05,R_8gPRO8yXrXEendv,anonymous,EN,1,27,1,1,5,MBA,"1,2,3",,3,4,1,4,1,4,1,2,69,52,3,4,5,4,4,3,5,5,"4,5",,2,4,4,4,4,4,4,5,4,5,3,4,2,3,2,4,4,4,4,4,4,3,4,2,2,Online payments
14-08-25 4:05,14-08-25 4:14,0,100,552,1,14-08-25 4:14,R_21VtxWokKkLCLNT,anonymous,EN,1,25,4,2,5,Arts,"1,5",,2,4,2,4,2,5,1,3,84,54,4,4,5,5,5,3,5,5,7,Notes App in Phone,4,2,5,4,5,5,5,5,5,4,2,5,5,3,4,5,4,4,5,4,5,4,3,2,1,Cash is good for savings.
14-08-25 4:21,14-08-25 4:31,0,100,604,1,14-08-25 4:31,R_2rS6iUDiweLkTa1,anonymous,EN,1,30,2,1,5,Information Technology,"1,5",,5,4,4,4,3,5,1,2,74,57,5,5,5,5,5,2,4,4,5,,4,4,4,4,5,4,3,5,4,5,4,5,5,4,2,5,5,4,2,5,3,3,4,1,1,Cash is better for saving money
14-08-25 4:31,14-08-25 4:46,0,100,889,1,14-08-25 4:46,R_8nOcOhcyimPshpQ,anonymous,EN,1,22,1,2,3,Bioinformatics,1,,1,4,2,5,1,5,1,2,45,79,4,5,5,4,2,3,5,5,2,,4,4,4,4,5,5,4,5,4,5,5,5,5,2,2,5,5,4,2,3,3,5,3,4,5,Online is better than cash as it is easy to track
14-08-25 4:52,14-08-25 5:03,0,100,637,1,14-08-25 5:03,R_9xvoDYKrXlL3fZn,anonymous,EN,1,21,2,2,1,Commerce ,1,,1,3,2,5,3,5,3,3,10,54,3,4,5,4,5,3,4,4,2,,4,3,3,3,3,2,3,3,3,4,5,4,4,3,2,5,4,3,3,3,3,3,3,3,2,Online as I can see whenever I wanna check what payment was made
14-08-25 4:46,14-08-25 5:03,0,100,1006,1,14-08-25 5:03,R_2TXAl2V9oeoqAPb,anonymous,EN,1,25,2,2,5,Psychology,1,,3,4,2,5,2,5,1,2,73,49,5,4,5,5,5,3,5,5,4,,3,5,4,4,5,5,5,4,5,4,5,5,4,3,2,5,5,4,4,4,5,4,4,1,2,Cash is good for savings
14-08-25 5:05,14-08-25 5:13,0,100,480,1,14-08-25 5:13,R_8qfgY9sO578plt3,anonymous,EN,1,28,2,1,5,Aeronautical Engineering,"3,4,5",,3,3,5,5,5,5,1,3,36,65,2,4,5,5,5,3,4,5,4,,5,4,4,4,3,5,4,4,4,5,4,5,5,4,5,4,3,4,2,2,3,4,4,4,1,Cash and online have their benefits
14-08-25 5:19,14-08-25 5:29,0,100,586,1,14-08-25 5:29,R_239ItzfL4LUundu,anonymous,EN,1,26,1,1,5,Civil Engineering,"2,3",,3,4,3,4,3,4,1,2,64,88,4,5,5,4,5,3,4,5,"4,5",,5,4,4,5,4,5,4,5,5,5,4,5,5,3,4,5,3,4,5,5,4,3,4,2,3,Cash is a better option to save money
14-08-25 5:50,14-08-25 5:54,0,100,225,1,14-08-25 5:54,R_8pK9tTr5nNpqD4a,anonymous,EN,1,24,2,1,5,Business Studies,"3,4",,3,4,4,4,2,4,1,2,53,73,5,4,4,4,4,3,5,4,4,,4,5,4,5,5,4,4,5,5,5,4,4,4,3,4,4,4,4,5,4,5,4,5,2,2,CASH IS GOOD OPTION
14-08-25 5:54,14-08-25 6:10,0,100,979,1,14-08-25 6:10,R_8f3tUnHldoY812g,anonymous,EN,1,21,1,2,2,Microbiology,1,,4,4,2,4,2,5,1,2,60,81,4,5,5,4,5,4,5,4,4,,4,5,5,4,5,4,5,5,5,4,5,4,5,5,4,5,4,4,4,5,4,3,4,1,1,Cash is better option to save money
14-08-25 6:04,14-08-25 6:12,0,100,483,1,14-08-25 6:12,R_4fdQk5BDZKmEUR3,anonymous,EN,1,23,1,1,5,Business Analytics,2,,2,3,3,4,3,4,4,4,28,60,4,3,4,3,4,3,3,4,"2,5",,3,4,4,4,3,3,3,3,3,4,4,4,4,2,1,4,3,3,3,4,3,3,3,4,2,I personally feel I would prefer cash if I want to save money and for expenses I can rely on online money
14-08-25 6:11,14-08-25 6:15,0,100,237,1,14-08-25 6:15,R_8sB4yMaF131q7bf,anonymous,EN,1,28,2,1,5,International Business,"2,3",,3,4,2,4,2,4,3,2,67,90,3,5,4,5,4,2,4,5,4,,4,5,5,4,5,4,5,4,5,4,5,4,5,3,5,4,5,4,5,5,4,3,4,1,4,online payment
14-08-25 6:12,14-08-25 6:29,0,100,1011,1,14-08-25 6:29,R_4QJyQCu5lWSSjoW,anonymous,EN,1,26,2,2,4,Medical,"1,3",,1,3,3,5,3,5,3,3,19,71,4,3,4,4,5,3,4,5,3,,3,3,3,2,3,3,3,4,4,4,4,4,3,2,1,5,3,3,4,3,4,3,3,2,3,I feel cash helps me prevent the unnecessary expenses so maybe cash
14-08-25 6:56,14-08-25 7:48,0,100,3092,1,14-08-25 7:48,R_2lGsQhV5fy1Wsb3,anonymous,EN,1,25,2,1,5,Mechanical Engineering,"3,4",,3,4,2,4,2,4,1,2,61,81,4,5,4,5,5,3,4,5,"4,5",,4,4,5,5,5,4,4,5,4,4,4,5,5,3,4,5,5,4,4,5,4,4,3,1,2,Online payment option is better but cash helps in saving money
14-08-25 7:49,14-08-25 7:52,0,100,185,1,14-08-25 7:52,R_2tM5OObq4muRYiB,anonymous,EN,1,23,2,1,3,MSc. AI,"2,3",,3,4,3,4,2,4,1,4,54,69,5,4,5,5,4,5,4,5,4,,4,5,4,5,5,4,4,5,5,4,3,4,5,2,4,3,4,3,4,5,3,3,4,1,2,Online
14-08-25 7:52,14-08-25 7:55,0,100,174,1,14-08-25 7:55,R_88QpmzB6tYDLJcZ,anonymous,EN,1,25,2,1,5,Medicine,"1,2",,4,4,4,4,2,4,3,3,28,84,5,4,5,4,5,4,5,5,"4,5",,3,4,4,4,4,3,4,5,4,5,3,4,3,2,4,4,2,3,3,2,3,3,4,3,3,Cash helps in saving but can't pay due to restrictions
14-08-25 7:55,14-08-25 7:58,0,100,167,1,14-08-25 7:58,R_8iPBzvDb0mHeMs9,anonymous,EN,1,26,1,2,5,Robotics,"2,3",,1,4,1,4,2,4,1,1,77,60,4,5,5,4,5,5,4,5,"4,5",,4,3,5,5,4,3,3,4,5,5,4,5,4,5,5,4,5,5,5,4,4,4,5,2,3,I use cash to save money as it works for me
14-08-25 8:00,14-08-25 8:03,0,100,192,1,14-08-25 8:03,R_2vvLoR4Nyf6rbrP,anonymous,EN,1,25,2,1,5,Clinical Embryology,"2,3",,3,4,4,5,2,4,1,2,54,79,4,5,4,5,5,5,5,4,4,,4,4,5,5,4,5,5,5,5,4,5,4,4,5,5,5,4,5,3,4,3,4,4,2,1,I PREFER ONLINE AS IT'S CONT EASY TO CARRY CASH IN uk
14-08-25 8:00,14-08-25 8:06,0,100,339,1,14-08-25 8:06,R_2O1nO0rmjlKGbUB,anonymous,EN,1,29,1,1,5,MBA,"2,3,4",,5,4,4,4,2,4,1,3,49,80,4,5,5,5,4,5,5,5,3,,4,5,5,5,4,5,5,5,5,5,4,5,5,5,2,5,2,2,1,2,2,4,5,4,4,Online payments make me spend more.
14-08-25 8:00,14-08-25 8:08,0,100,495,1,14-08-25 8:08,R_8dzQcpxfGMZ8102,anonymous,EN,1,30,2,1,5,MIS,"1,2,3",,4,2,4,4,4,5,2,2,31,92,4,3,2,4,4,3,5,5,"2,4",,2,4,4,5,4,5,4,5,4,5,5,4,4,3,1,5,3,4,3,4,4,4,3,3,2,Cash
14-08-25 8:00,14-08-25 8:11,0,100,676,1,14-08-25 8:11,R_25OnNXMGSwWliV3,anonymous,EN,1,23,2,2,3,Medicine,1,,2,4,2,4,1,4,1,1,39,58,4,2,5,4,5,4,5,5,7,Mobile,3,4,5,5,5,4,5,5,5,5,4,5,3,5,2,5,3,3,3,5,4,4,5,2,1,Cash is good in my opnion
14-08-25 8:10,14-08-25 8:27,0,100,998,1,14-08-25 8:27,R_3PFQh1SyQufgWx9,anonymous,EN,1,25,2,2,3,B.E. in Cybersecurity,"1,4",,1,5,3,4,3,4,1,1,70,40,5,5,4,5,4,5,5,4,"2,3,4,6",,5,4,4,4,5,5,4,4,5,4,3,5,5,4,5,4,5,4,5,4,5,1,2,2,3,"I believe cash helps me to manage my finances better, "
14-08-25 8:29,14-08-25 8:35,0,100,359,1,14-08-25 8:35,R_8aW49IEMnbRV5PX,anonymous,EN,1,25,1,1,5,Management ,"1,2,3",,2,1,2,5,2,4,3,3,0,15,5,3,2,3,3,4,2,2,1,,3,5,5,5,1,1,1,1,1,5,1,3,5,4,3,5,1,1,1,3,3,5,3,3,3,"Online 
Easy to use can trac money on app"
14-08-25 8:33,14-08-25 8:38,0,100,333,1,14-08-25 8:38,R_9m3R989kfdzCKE9,anonymous,EN,1,20,2,2,4,Electronics and communication engineering ,1,,1,2,2,5,2,5,3,3,29,71,5,4,5,1,5,5,5,5,"2,3",,5,5,5,5,4,4,5,5,5,5,5,5,5,3,2,5,4,4,3,5,4,5,4,5,5,We should manage via cash and digital payments and maintain balance between them..it will definitely help to manage finances in a better way
14-08-25 8:39,14-08-25 8:42,0,100,206,1,14-08-25 8:42,R_2N7UAFF0wiY8HaV,anonymous,EN,1,26,1,1,5,MIS,"2,5",,3,4,3,5,3,2,1,1,30,70,3,3,3,3,3,3,4,4,2,,4,3,3,5,1,3,3,3,3,3,3,3,3,3,3,3,4,4,4,4,4,4,4,4,4,Cash 
14-08-25 9:22,14-08-25 9:30,0,100,497,1,14-08-25 9:30,R_4dtsVyK15q7Q2Ea,anonymous,EN,1,23,1,2,5,MSC,1,,1,4,2,4,3,3,1,3,5,2,5,3,4,2,1,4,3,4,"3,5",,5,5,5,5,1,5,1,1,4,3,2,4,4,4,3,5,4,4,3,5,4,1,2,1,4,Both Cash and Online is good it depends on the type of transaction i do for small amounts I think cash is good but for lager amounts online mode is good as it keeps a good track and also helps in filing ITR 
14-08-25 10:40,14-08-25 10:51,0,100,658,1,14-08-25 10:51,R_9ClnANMXzBPzcP2,anonymous,EN,1,23,2,2,4,Bsc( hons) Agriculture ,1,,1,3,1,4,2,4,3,1,40,61,2,4,4,4,4,2,4,4,"1,2",,4,1,2,2,2,1,1,1,4,4,4,4,4,4,4,4,1,1,1,4,3,4,4,4,4,I believe payment in cash helps me more to spend less on unnecessary things whereas online payments leads to more expenditure
14-08-25 11:13,14-08-25 11:21,0,100,455,1,14-08-25 11:21,R_4bK3i80BZbepFUR,anonymous,EN,1,23,1,2,5,Environmental science ,1,,1,3,3,5,2,5,3,3,30,70,4,3,4,4,4,4,5,4,1,,3,3,4,5,3,3,3,2,4,4,4,4,4,4,4,4,3,3,3,4,3,4,3,5,5,Cash payment is far better than online payment because it make us realise the value of money
14-08-25 11:45,14-08-25 11:55,0,100,609,1,14-08-25 11:55,R_4nGzciAmhGL3xAf,anonymous,EN,1,23,2,2,2,Medical ,1,,1,2,2,4,2,5,3,3,27,70,4,3,4,3,4,4,4,3,1,,3,3,4,3,3,1,3,1,3,3,3,4,4,2,2,3,3,3,2,4,2,4,3,4,3,"Online payment, because we're not to money in our handle."
14-08-25 11:52,14-08-25 12:00,0,100,437,1,14-08-25 12:00,R_9anpFlxuiOq2efT,anonymous,EN,1,21,2,2,2,Economics (BA),1,,1,3,2,5,2,4,3,3,7,74,4,4,5,3,5,3,4,5,"2,5",,3,4,3,3,3,2,3,4,4,5,4,4,5,2,1,5,4,3,3,3,3,2,3,3,1,I feel I like cash when it comes to like saving money but in everyday use online payments are convenient 
14-08-25 12:00,14-08-25 12:18,0,100,1037,1,14-08-25 12:18,R_4PSL9XXfk4EPtLr,anonymous,EN,1,29,1,1,5,Banking,"2,5",,3,3,4,4,4,4,3,2,7,80,4,3,5,5,5,2,5,5,"3,4,5",,3,4,2,2,3,4,5,5,5,5,4,5,5,2,2,5,3,3,4,4,4,3,3,3,2,I feel money in account can you used for savings and cash for expenses 
14-08-25 12:24,14-08-25 12:39,0,100,921,1,14-08-25 12:39,R_4J8cgfmsw8CsEgY,anonymous,EN,1,23,2,2,3,Marketing management ,2,,2,4,2,3,3,3,1,3,59,41,5,4,4,5,5,3,5,4,4,,3,3,3,2,3,3,4,3,4,3,4,4,4,4,4,4,4,3,3,3,3,4,4,3,3,Cash
14-08-25 12:40,14-08-25 12:50,0,100,604,1,14-08-25 12:50,R_4CIAXcXnulwIHYo,anonymous,EN,1,20,1,2,2,Mechanical Enginnering,1,,1,3,2,4,3,4,3,4,10,25,4,4,1,4,2,4,4,2,2,,4,5,2,4,4,2,2,2,2,3,2,4,5,2,2,5,4,4,2,5,4,3,1,3,3,"I believe cash and online are both similar in terms of managing my finances but due to the added benefit of online transaction history, online payment is better in managing finances."
14-08-25 12:50,14-08-25 13:32,0,100,2532,1,14-08-25 13:32,R_9dXKrIwpbSgXWAS,anonymous,EN,1,19,2,2,1,Law,1,,3,2,4,5,2,4,3,3,5,95,1,5,5,5,5,1,5,5,1,,5,1,1,1,1,1,1,1,5,5,5,5,2,5,5,1,1,2,1,2,2,5,4,5,4,Cash is always better otherwise its always a nuisance as I am lost keeping track of digital payments and seem to spend so much.
14-08-25 13:28,14-08-25 13:34,0,100,357,1,14-08-25 13:34,R_9NMvekQwvHgkL0l,anonymous,EN,1,24,1,2,3,Medical ,3,,2,4,3,3,3,3,1,3,65,36,4,5,3,5,5,4,5,4,4,,3,3,3,3,3,3,3,3,4,4,4,4,4,4,3,4,3,3,3,4,3,4,4,3,3,Only cash
14-08-25 13:26,14-08-25 13:35,0,100,524,1,14-08-25 13:35,R_4wNfka0wDydhNVr,anonymous,EN,1,20,1,2,2,MBBS,"1,3",,4,3,2,4,1,4,3,1,30,70,4,4,4,4,4,3,4,4,"4,5",,2,4,5,5,4,2,3,3,4,2,4,4,4,2,4,3,2,3,3,4,3,3,3,5,2,Cash
14-08-25 13:34,14-08-25 13:39,0,100,297,1,14-08-25 13:39,R_9IRGp3v4B0IJvy4,anonymous,EN,1,25,2,2,5,Microsoft ,2,,3,3,3,3,4,3,1,3,70,34,4,5,5,5,5,4,4,4,5,,4,3,3,3,3,3,3,5,4,4,4,5,4,4,4,4,3,3,3,3,4,5,5,3,4,Cash
14-08-25 13:44,14-08-25 13:51,0,100,419,1,14-08-25 13:51,R_9S8NMFUI8djKJ7W,anonymous,EN,1,23,2,2,4,Engineering ,1,,3,4,3,3,3,3,1,1,72,28,4,4,4,4,4,4,5,4,4,,3,3,3,3,3,4,3,3,5,3,3,5,4,4,4,4,4,4,3,3,3,3,5,3,3,Only cash 
14-08-25 13:55,14-08-25 14:01,0,100,357,1,14-08-25 14:01,R_40S6etz25lEbMoK,anonymous,EN,1,21,1,2,1,Medical ,"1,3",,3,3,3,4,4,4,1,1,54,52,4,4,4,4,4,4,5,4,6,,4,3,3,3,3,3,3,3,4,4,4,5,4,4,3,4,5,4,4,3,4,3,5,3,3,Cash is better than online payment 
14-08-25 13:54,14-08-25 14:01,0,100,433,1,14-08-25 14:01,R_4a992zRnjze7uiG,anonymous,EN,1,19,1,2,2,Computer Application ,1,,2,3,2,5,2,3,3,4,3,8,4,3,3,3,3,3,4,4,"2,3",,4,3,4,5,4,5,4,4,4,3,3,3,4,4,4,4,4,4,5,4,4,3,2,2,3,I beleive in cash or mobile app payment often 
14-08-25 13:49,14-08-25 14:05,0,100,980,1,14-08-25 14:05,R_9hFsEXvmSBAdr5r,anonymous,EN,1,24,2,2,5,Environmental Science,1,,1,4,1,2,2,4,4,5,30,32,5,5,5,4,5,4,5,5,"2,4,5",,4,3,5,4,1,3,3,1,4,5,2,5,4,4,3,4,2,4,4,5,4,3,4,3,2,"I believe using a mix of cash and limited online payments helps me manage my finances better. Paying with cash makes me more conscious of my spending, as I can physically see the money leaving my hand. At the same time, using online payment in a set limit allows me to enjoy the convenience and track expenses digitally without overspending."
14-08-25 15:17,14-08-25 15:27,0,100,621,1,14-08-25 15:27,R_4PuBRfLxF6XVkgA,anonymous,EN,1,24,2,2,5,Msc microbiology ,1,,1,5,2,1,3,1,1,2,100,,5,5,5,2,2,4,5,5,3,,4,5,4,4,4,5,4,5,5,5,1,5,5,5,5,4,4,4,5,5,5,1,2,1,1,"Cash 
We know there is a limit to how much we have to spend. We have to spend according to how much cash we have and our essential needs
It helps us to spend less money and save more
"
14-08-25 15:54,14-08-25 16:00,0,100,343,1,14-08-25 16:00,R_4jPoQ2SVzt1TVZ5,anonymous,EN,1,27,1,2,5,MBA,4,,1,5,3,4,3,4,1,1,80,35,5,5,4,5,4,5,5,4,"2,4,5,6",,5,3,4,4,5,5,4,4,5,3,3,5,5,4,4,5,5,4,5,4,5,2,2,2,2,I believe cash is a better option to manage my finances.
14-08-25 16:00,14-08-25 16:05,0,100,301,1,14-08-25 16:05,R_9HWDU7F8PBOkeQx,anonymous,EN,1,24,1,2,3,BCA,"1,4",,1,5,3,4,2,4,1,1,71,29,5,5,5,5,4,5,5,4,"2,5,6",,5,3,4,4,5,5,5,5,5,4,4,5,5,4,5,5,5,5,4,4,5,4,4,4,4,Cash helps me to manage my finances better.
14-08-25 16:05,14-08-25 16:14,0,100,521,1,14-08-25 16:14,R_5qw7Mso1RyOY6VG,anonymous,EN,1,25,4,2,4,B.E. AI/ML,"4,5",,1,5,3,4,3,4,1,1,60,38,5,5,5,5,3,5,5,5,"2,4,5",,5,3,3,3,1,5,3,2,5,3,3,5,5,4,4,4,5,4,4,4,4,2,2,2,2,I believe cash is the better option for me to manage my finances.
14-08-25 16:14,14-08-25 16:24,0,100,618,1,14-08-25 16:24,R_4xpLB94YguuHgY1,anonymous,EN,1,21,2,2,1,B.sc Nursing,1,,1,5,2,3,1,3,1,1,80,30,5,5,3,5,4,4,5,3,"2,4",,5,3,3,3,5,5,3,3,5,4,2,5,5,3,5,4,4,4,4,5,4,3,3,3,1,"In my day-to-day life, I'm more dependent on cash. So I believe the cash method helps more to manage my finances."
14-08-25 16:37,14-08-25 16:43,0,100,358,1,14-08-25 16:43,R_4gU6wAHheyAAybh,anonymous,EN,1,22,1,2,2,Science ,2,,2,4,3,3,4,4,1,2,60,40,4,4,5,5,5,5,4,4,3,,4,3,3,3,3,3,3,4,4,4,4,5,4,5,4,4,4,4,3,3,3,4,5,4,3,Cash because cash is better to avoid extra expenses 
14-08-25 14:28,14-08-25 18:59,0,100,16220,1,14-08-25 18:59,R_9dz5w2BrRt9OkdW,anonymous,EN,1,20,1,2,3,MBBS,1,,1,4,3,4,2,3,1,3,40,63,4,3,4,5,4,3,4,4,"2,4",,3,4,4,3,3,3,2,3,3,5,4,4,4,4,2,4,4,4,4,4,4,4,3,4,3,Phone pe but with a limiter option 
12-08-25 12:15,12-08-25 12:49,0,38,2085,0,14-08-25 23:49,R_62UQQE1RzGZSQDA,anonymous,EN,1,24,1,2,5,Management ,1,,1,,,,,,,,,,,,,,,,,,,,,,,,,,,,,,,,,,,,,,,,,,,,,
14-08-25 8:27,14-08-25 8:43,0,62,926,0,14-08-25 23:49,R_4siQiQAZcsgLVnt,anonymous,EN,1,20,2,2,5,MSC Biotechnology ,1,,2,2,2,4,4,4,3,4,16,90,4,4,2,4,4,4,4,4,,,,,,,,,,,,,,,,,,,,,,,,,,,,
14-08-25 8:46,14-08-25 9:00,0,62,831,0,14-08-25 23:49,R_46xXxtIIxEdvLrP,anonymous,EN,1,21,2,2,5,MSC BIOINFORMATICS ,1,,1,2,3,5,5,5,3,3,1,99,4,3,4,2,2,3,2,5,,,,,,,,,,,,,,,,,,,,,,,,,,,,
14-08-25 13:32,14-08-25 13:43,0,76,642,0,14-08-25 23:49,R_4BzH2MbkQomcL44,anonymous,EN,1,23,1,2,4,CSE,"1,3",,4,3,2,4,2,4,3,3,29,70,2,5,4,5,4,2,5,5,3,,5,3,2,2,4,2,1,3,,,,,,,,,,,,,,,,,,
13-08-25 6:29,13-08-25 6:31,0,57,122,0,14-08-25 23:49,R_9SJbMIrAQg8MfhT,anonymous,EN,1,22,2,2,5,Biotechnology ,1,,1,2,1,4,1,2,3,3,23,74,,,,,,,,,,,,,,,,,,,,,,,,,,,,,,,,,,,,
13-08-25 3:07,13-08-25 3:09,0,38,115,0,14-08-25 23:49,R_8TGT9PcvPmKVumJ,anonymous,EN,1,24,2,1,5,MSc. Biotechnology,"2,3",,3,,,,,,,,,,,,,,,,,,,,,,,,,,,,,,,,,,,,,,,,,,,,,
